Region,yr_2023_shoes,yr_2022_shoes,yr_2021_shoes,yr_2020_shoes,yr_2019_shoes,yr_2018_shoes,yr_2017_shoes,yr_2016_shoes
AMERICAS,7175966.2887922535,6816953.766403722,6475934.7117244005,6152480.70885645,5844449.678310682,5552270.0359849315,5274656.534185685,5011180.7570151035
EMEA,1077037.5671655955,1023057.1640379642,971647.256297363,923236.2598416302,876967.3428750891,833268.9212955781,791712.5792052587,751869.9007062928
N ASIA,30203320.797603216,28693154.757723056,27258389.91586244,25895170.528940834,24600497.68567336,23370515.642979477,22201797.073676474,21091771.482377328
S ASIA,109779431.74158633,104290138.84258363,99075888.94999315,94122115.92328839,89415967.28553419,84945018.97569323,80697703.7645239,76662882.83868237
SE ASIA,136184845.60485262,129375603.32461,122906523.26725101,116761325.6286578,110923302.1888147,105377029.97539951,100108371.26378356,95102759.91344036
