Region,yr_2023_shoes,yr_2022_shoes,yr_2021_shoes,yr_2020_shoes,yr_2019_shoes,yr_2018_shoes,yr_2017_shoes,yr_2016_shoes
AMERICAS,81.46501477882425,38.902974118254264,45.4593547083813,38.95532236864139,47.73256740282849,42.125712829074224,45.143957072069085,42.53156540248636
EMEA,76.80318831276236,40.091766574084424,46.999669517009444,40.879748747712725,44.19893635292687,37.93227622622238,38.58322104152466,43.142937249722415
N ASIA,70.55334804335013,37.678513374661506,49.54279020577007,38.74688080753117,46.64945723232643,47.29580637625855,42.200713476169845,41.689401903542205
S ASIA,82.03519410136725,39.31416968761883,47.248234230769086,35.565073591905666,42.42466216235318,44.612728749341635,35.325594685692174,39.697251987378905
SE ASIA,75.73802984205811,41.2461658869693,48.10807930090164,36.433231940453936,44.04798801709923,47.84428825445661,44.71809614424522,40.45751960565185
