Region,yr_2023_shoes,yr_2022_shoes,yr_2021_shoes,yr_2020_shoes,yr_2019_shoes,yr_2018_shoes,yr_2017_shoes,yr_2016_shoes
AMERICAS,70.51776877161728,37.73682985155754,44.85540475061316,35.078255646594805,41.063828136983,39.3075140059679,36.25634305245155,36.93175263414511
EMEA,69.6367557112446,37.26536513372226,44.29500418630178,34.64000579981036,40.550797598329,38.81642596087963,35.803374782085356,36.47034614071913
N ASIA,69.76358764301239,37.3332378856859,44.37568027310725,34.70309689024334,40.62465422679467,38.887123715803114,35.868584758354885,36.53677089595109
S ASIA,70.5310342791462,37.743928746052276,44.8638427616251,35.084854421236805,41.07155289247097,39.31490837099211,36.26316344396579,36.93870008088312
SE ASIA,73.31350336329933,39.2329373211246,46.633733941534224,36.46896176840453,42.69183717341833,40.865892532881006,37.693755412560535,38.395942159272025
