Region,yr_2023_shoes,yr_2022_shoes,yr_2021_shoes,yr_2020_shoes,yr_2019_shoes,yr_2018_shoes,yr_2017_shoes,yr_2016_shoes
AMERICAS,53.625940122492004,42.65934225943763,45.77627224239215,41.43471324789161,45.36747116741692,42.2206311699964,46.80128798850673,42.473579725058926
EMEA,51.59689561870399,43.51459016430048,46.79504931024965,42.76131721631628,43.13936674992879,39.39122270279628,42.24132826314401,42.87080115578791
N ASIA,48.787412372079956,41.766089356170156,48.44480541705374,41.28926197532149,44.69270213425549,45.53971126101419,44.79559356453236,41.92214461629064
S ASIA,53.87045838216962,42.95647763910458,46.95803953612817,39.023474035819014,41.99033522811462,43.83896347977283,39.84726062706766,40.597300283860534
SE ASIA,51.125550208557996,44.33424433153658,47.518910134748985,39.650430506595434,43.042428897405166,45.88193354247962,46.51484921222384,41.1063671971287
