,Year,inventory_costs_holding
0,2016,757.496008966522
1,2017,759.3781103263178
2,2018,806.9897673557278
3,2019,816.42477590919
4,2020,1087.292335035957
5,2021,946.051695495687
6,2022,1245.7464781954297
7,2023,1308.50003649916
