Region,yr_2023_shoes,yr_2022_shoes,yr_2021_shoes,yr_2020_shoes,yr_2019_shoes,yr_2018_shoes,yr_2017_shoes,yr_2016_shoes
AMERICAS,53.625940122492004,42.65934225943763,45.77627224239215,46.03857027543512,47.75523280780729,43.52642388659423,46.80128798850673,42.473579725058926
EMEA,51.59689561870399,43.51459016430048,46.79504931024965,47.512574684795865,45.409859736767146,40.6095079410271,42.24132826314401,42.87080115578791
N ASIA,48.787412372079956,41.766089356170156,48.44480541705374,45.8769577503572,47.044949615005784,46.948155939189895,44.79559356453236,41.92214461629064
S ASIA,53.87045838216962,42.95647763910458,46.95803953612817,43.359415595354456,44.200352871699586,45.19480771110601,39.84726062706766,40.597300283860534
SE ASIA,51.125550208557996,44.33424433153658,47.518910134748985,44.05603389621715,45.30781989200545,47.30096241492744,46.51484921222384,41.1063671971287
